,CountryName,CountryCode,1960,1964,1968,1972,1976,1980,1984,1988,1992,1994,1998,2002,2006,2010,2014
0,Aruba,ARU,,,,,,,,9764.789978793286,14046.503996561916,16241.046324711673,19078.34319075149,20436.887128630886,24045.749420685817,23512.602595639666,25528.403780442808
1,Afghanistan,AFG,59.777326508393365,82.20844385944005,129.5066538442509,136.1170143811993,199.02617272905144,274.88085870152054,,,,,,184.49471212204946,269.2296930181233,550.5149739763357,625.3395388284999
2,Angola,ANG,,,,,,664.117560200257,596.6024672420292,761.6184576625507,640.6222978790647,320.65779202335665,419.639845318854,869.8514850218639,2585.1335220492897,3585.9055525686827,5412.692347617796
3,Albania,ALB,,,,,,,639.4847358482104,652.774321396566,200.852219772323,586.4163396442615,813.789396580449,1425.1242186014215,2972.742923997986,4094.3602035923504,4578.66793446159
4,Andorra,AND,,,,4217.17358114253,7152.375133610508,12377.411645687676,7728.906694569428,14304.356964578456,20547.711789789653,16234.809010201207,18894.52149632267,24741.493570456154,43748.77215889994,39736.3540626699,42294.99472697166
5,United Arab Emirates,UAE,,,,,29698.16922209931,41825.995457574034,31709.254334090536,21907.59797736049,25993.55800776704,25467.192219063458,26663.308704518564,31311.359356215224,42372.22166236575,35037.89267313216,44443.06151419412
6,Argentina,ARG,,1166.3173995761629,1136.5178322316679,1401.487794543184,1932.5907820740017,2738.284723184973,2643.369398131555,3969.327411662819,6798.026762729305,7449.480389772417,8248.761988643435,2579.193168212092,5878.761027352075,10276.260497705338,12245.256448769624
7,Armenia,ARM,,,,,,,,,369.63336812868414,400.51609188614316,609.1730253910074,783.2616098699974,2158.0029089545706,3218.381654884653,3994.712354795662
8,American Samoa,ASA,,,,,,,,,,,,8751.766528749724,8456.947996589939,10352.822761831156,11598.751736205062
9,Antigua and Barbuda,ANT,,,,,,1789.5894265769812,2946.240315253394,5944.670699659664,7296.551713126019,8218.597716499527,9115.234346192003,9443.06359056527,12812.764437619531,12174.6978007682,12900.903003230791
10,Australia,AUS,1807.3497840702241,2127.566901593953,2719.4297971224237,3942.8124195443916,7474.862358484762,10191.816060433473,12428.857933816169,14257.022162372963,18569.76879409432,18045.439060435438,21318.964169431812,20074.229312948126,36019.20305118798,51936.888711646105,62327.55593903327
11,Austria,AUT,935.4604268504154,1269.4125828925592,1677.6735280427151,2924.048871100571,5678.386637822733,10869.546423609941,8991.065076010165,17578.618939739667,24880.164070124996,25646.70065916842,27361.875110643698,26401.74545643567,40635.281815972434,46858.043273371695,51704.54118759212
12,Azerbaijan,AZE,,,,,,,,,673.331933978983,436.21686896693416,561.907035403795,763.0806379853581,2473.0818186353627,5842.805783585763,7891.313147499859
13,Burundi,BDI,70.34907860648518,86.60319463648082,55.243404187823955,69.63919254698695,119.90739092071988,223.40722618145682,215.94418627534336,210.75009589020493,191.3109129814407,157.54300145661705,144.4746121911009,122.43358929636565,165.9047484643182,231.7955369211384,273.5382849893122
14,Belgium,BEL,1273.6916591028862,1701.846275543195,2222.3615105191348,3852.141729332894,7281.817735364298,12932.860596457727,8502.53859675867,16478.831592157032,23497.72740674225,24338.137701816122,25541.674723365584,25052.33939008549,38852.37292774372,44380.17663273076,47351.97417888182
15,Benin,BEN,93.02250899071075,104.33976803988557,116.89506602185995,134.81940793500877,208.6561538305141,378.0438983039022,252.8697850447877,346.7360376814224,317.96285528611594,279.6665043268056,379.44235395447737,418.69857634710286,625.8300919764633,757.6959074093775,943.6865750314009
16,Burkina Faso,BUR,68.42474856932505,80.4727667455189,84.73304934687623,99.3267640249866,155.64899796029636,282.6857352995948,193.84324028470937,313.06189109572097,240.96348098040318,193.07023629883304,255.71823338169975,260.76354131974296,420.58252329243123,575.4464526877338,703.8216564617173
17,Bangladesh,BAN,88.69121063011724,99.50386426801614,121.5288976817445,93.02487011224927,138.5922339318281,222.63235094863654,208.53463508422718,263.2227904514273,285.09550511666555,290.6524528635082,395.29746066981494,400.6135745333526,494.05014657654874,757.6717571768936,1084.5654298026923
18,Bulgaria,BUL,,,,,,2238.802957865739,1963.5726761827364,2511.393062594886,1211.980878109311,1148.4943993817017,1809.6838447288421,2076.830682378443,4490.201776927009,6843.266949758846,7864.760672255237
19,Bahrain,BRN,,,,,,8537.929379332154,9590.683099065087,7958.679491965374,9082.741168844253,10130.413068419994,10076.18778453497,13102.334568265833,19307.995492020527,20722.10388955077,24983.379015335602
20,"Bahamas, The",BAH,1550.3243149571563,1994.5449196447714,2804.705130805687,3322.668256119299,3328.6331919834943,6338.619867939486,8873.769102015085,11381.821559986913,11682.084964717022,11812.464887004115,23557.953526856512,28727.02219260764,30274.99032248459,27979.11493437389,28671.34696953442
21,Bosnia and Herzegovina,BIH,,,,,,,,,,318.020001219556,1097.644554612031,1761.537647188611,3403.8152971587283,4614.829041140503,5204.243718411686
22,Belarus,BLR,,,,,,,,,1667.6817773137273,1460.0590758955989,1511.770052678833,1479.3145827167673,3847.434123821527,6181.399915687531,8318.512689926749
23,Belize,BIZ,304.91710725396194,351.1611262695624,386.9532370108698,519.5635076681085,717.0401828853956,1373.0930070360585,1336.9875895363211,1787.9513834285697,2666.9776705074696,2880.211132818311,2991.9249709054907,3556.5618254349633,4187.290496548546,4342.9631725578965,4813.718033290304
24,Bermuda,BER,1902.402118922396,2199.7270069117926,2830.188679245283,4343.173431734317,7261.278195488721,11218.21781598683,17469.825567587686,24253.175518878434,28669.68225957846,31476.06311530681,51371.74080698357,62583.1002034588,83912.69779768455,88207.3275597322,
25,Bolivia,BOL,101.22770440187087,135.18186126943553,198.40419982508536,267.6869789187027,533.6080313549294,809.8856894504706,1013.8041398722828,697.3705600781491,791.3804292586325,806.2214519071056,1058.7187495042542,913.5756422722684,1233.591869170755,1981.1701161847636,3124.000309825158
26,Brazil,BRA,210.02747042947792,261.3310830556636,374.0832617582122,584.5506847713657,1385.298529741041,1939.7908764714496,1573.967139332195,2294.4016946602515,2591.7971162780573,3494.6405413510915,5075.631211311874,2819.6481201181973,5860.145829417522,11224.154082935482,12026.61939063131
27,Barbados,BAR,,,,,1761.6562478365997,3411.614880851932,4486.530347871168,5960.282481857187,7440.957495499344,8148.382410925344,10727.595838504056,11675.347541973933,15185.11920127691,16203.155571612017,16261.799318947722
28,Brunei Darussalam,BRU,,,1363.4530441228694,1906.1929840541206,8459.324214414239,25412.994952113673,17332.974785259383,11006.870510200803,15270.486120655165,14117.392142066868,12690.689324462162,16846.02198410835,30980.966919856604,35268.101170358066,41530.66897925807
29,Bhutan,BHU,,,,,,331.5312268811023,373.06045842630505,548.7543972589586,471.8392541609543,524.2981457797373,695.2902532515155,885.6382245309477,1335.456905885983,2178.921383079667,2522.7949530209817
30,Botswana,BOT,57.97768188168424,71.64951911178642,101.47655198083714,222.46944998008829,433.651514061486,1059.696700351204,1077.7425403430436,2031.4182198375163,2848.206986879806,2779.113831741625,2869.1825033590058,3055.6183824715363,5374.554866907761,6346.15620387349,7493.752923706593
31,Central African Republic,CAF,74.59594425142478,87.85874650277269,109.24778103715535,121.19973038111188,218.75065759848866,349.60991620537163,248.5851878223677,449.782937825329,456.0741539955671,260.48357106115645,268.90042312911015,253.7068342825824,347.60717191344645,446.44368779549217,377.1321263233003
32,Canada,CAN,2294.5688142157705,2529.518179054095,3411.060154344567,5141.616724951846,8783.721592041105,11135.437985484077,13826.649992359402,18864.26291809831,20771.25035297365,19859.20397783676,20887.83946676656,24167.804306056067,40386.69948351163,47447.4760241936,50633.20882243228
33,Switzerland,SUI,1787.3603477020074,2501.2931899637747,3121.8890308772043,,,18832.196719444786,16499.146930549272,31743.652912268175,39534.54199721688,41843.75688356128,41497.20260531164,41376.39398539592,57579.501953809246,74605.72102070512,86605.56337624209
34,Chile,CHI,532.6162668264947,709.5792643728839,779.9788652475517,1194.6332092684474,975.4843641273216,2577.3235750636354,1637.1673111055986,2032.9595572707271,3362.169307826523,4045.6214285068418,5479.498064141256,4463.545867213564,9484.681226685261,12860.177644746913,14794.315829611995
35,China,CHN,89.52054151035844,85.49855515963134,91.47271830660718,131.8835612438677,165.40554037242046,194.804722186836,250.71396904698756,283.53769524052444,366.460692302073,473.4922787180418,828.5804792956815,1148.508290441699,2099.2294346044728,4560.512586009288,7683.502613091185
36,Cote d'Ivoire,CIV,153.47159405201393,221.51780172404557,265.04081491165977,322.34792051767727,673.4169910850984,1226.9127307029332,696.2752309594644,897.6660597698225,847.2958457382774,590.3001332720801,793.9810785256751,710.9611683296047,951.9478955646911,1219.7490955152102,1568.627628327334
37,Cameroon,CMR,119.53418718107433,138.56548726880484,169.62456846825722,208.13147314537667,401.14929193338486,782.1396717883316,800.8261350760245,1132.4777016999208,918.39587070149,808.576094562424,730.7326937763892,719.8896584135765,1081.3698306081176,1309.1222080194846,1571.1825346636713
38,"Congo, Dem. Rep.",COD,220.31406209453525,170.46606712106254,206.72228489918686,292.31400996258816,409.5485439554099,546.1423977340725,269.82594332977186,273.1246877478205,220.29967126908136,144.5206699101733,138.61547596589386,175.13607148129418,255.59131380413217,334.23170251732944,487.08148688117603
39,"Congo, Rep.",CGO,127.00474592562362,161.13484139818334,195.1412316523751,283.1190394728016,460.669584892284,927.0962558713175,1060.6582976363484,957.2493252140133,1138.216094897841,649.9053718114401,639.4985576643697,886.3616652994317,2012.1100704730595,2737.34233022991,2910.5202257686433
40,Colombia,COL,244.60311247857746,321.460285471644,285.1086365807281,374.62446682960314,605.8191248234858,1204.1551683454088,1260.3957938691547,1189.1406780942987,1642.889504265573,2218.7847095197935,2509.1396333412126,2355.7258566989167,3677.134041573192,6230.738365628371,7974.406373025031
41,Comoros,COM,,,,,,689.4029686281907,534.6320911389657,918.9021290475454,1047.9795506547025,690.4717309170109,718.117089250422,744.4751724336339,1113.957757196062,1315.2148064839398,1511.826037486033
42,Cabo Verde,CPV,,,,,,496.2267641701257,426.69794805191583,801.733062007727,994.6280468055731,1072.3307881994135,1250.615375919535,1373.515636223148,2304.289902013603,3312.8259848090056,3532.9935268010818
43,Costa Rica,CRC,380.71913070489614,353.0018829963533,442.9877079160616,635.9636205958358,1121.3380385398248,2022.109730912632,1376.232275842182,1567.1728882828497,2618.16805481416,3045.4067138639793,3614.5625339095345,4062.0149992289935,5245.187373305477,8199.414620694788,10630.997900756383
44,Cuba,CUB,,,,901.3717983801372,1444.801798121392,2024.6600402932363,2399.84446616751,2645.4908703438255,2057.6829688181833,2621.8242386707034,2326.112221103864,2994.3399882938115,4669.060916147888,5676.1414026990615,7050.4932486824255
45,Cayman Islands,CAY,,,,,,,,,,,,,64103.214810169186,,
46,Cyprus,CYP,,,,,1157.41164807939,4232.02293870659,4258.74358947914,7645.62976711711,11310.0719239521,11617.6927784249,15247.2932885008,16372.291519199,27169.9925579717,30818.4639574235,27400.802986104
47,Czech Republic,CZE,,,,,,,,,3352.034161446508,4601.952312486726,6458.904501044037,8032.896612457674,15183.636054137549,19808.071091251848,19744.5586092159
48,Germany,GER,,,,3795.5660806001442,6609.753392282608,12092.381854294548,9277.932299306996,17863.43789713864,26333.537444514965,27087.55845356168,27340.67288488839,25205.16444517498,36447.87231831953,41785.55691255402,48042.563434651755
49,Djibouti,DJI,,,,,,,,748.1952491985338,777.2623296021458,790.0322651701337,755.5962417658781,792.1541200279778,965.6693778922568,1325.9907235207627,1595.1463648488025
50,Dominica,DMA,,,,,,966.6815377397738,1470.861853593585,2385.021104430794,3297.9887171940154,3704.1411551520414,4586.852352423557,4771.929210374444,5511.462823564735,6912.435713989466,7193.668110937065
51,Denmark,DEN,1364.517160172552,2013.2430769326788,2712.6124003393297,4654.305335928869,8787.580916774345,13883.899646360926,11562.913486506985,22527.04710305455,29569.654526163493,29995.565218950873,33368.1548509045,33228.69290871008,52026.99311241551,58041.41122456013,62548.98501743713
52,Dominican Republic,DOM,204.12602510836234,272.91429170538447,253.9043887977129,417.52679764047156,748.2876871216309,1163.8813764692254,1825.3748835721299,778.5120843990566,1520.5454626973922,1891.4148475550878,2612.288687865114,3098.0517049100126,4067.332917272454,5453.926860691389,6348.837769434832
53,Algeria,ALG,244.82480648363168,236.6101895650844,280.2682882094034,439.7311238572288,1031.303135168394,2189.7766795104562,2452.6646317561285,2402.8256271475657,1766.0546784142607,1499.971504573828,1588.4814491669108,1774.0336730152019,3464.610078702018,4463.394674889505,5466.42577841535
54,Ecuador,ECU,455.2728110831067,440.0747034596449,450.5711303213666,495.5872545586344,1266.3907250223544,2241.7900058081495,1916.7035859554805,1340.1427956880261,1690.1551411097996,2028.1977340080152,2300.407883540023,2183.9667963580337,3350.7865413088116,4657.302361147101,6396.630483392182
55,"Egypt, Arab Rep.",EGY,,,177.7330784009018,253.57825262739962,332.1603795126829,519.567944327705,695.1487252430425,641.2806407308917,697.1868547891945,830.4242695665972,1258.9975519044403,1210.2292488168864,1375.1963159911302,2602.479548695666,3327.7542472610767
56,Eritrea,ERI,,,,,,,,,152.98672654699334,172.3215472424257,231.2266102353435,201.7687981156239,297.8280588029249,482.1490904235003,
57,Spain,ESP,396.3922533376142,675.2416391412078,950.5457405937337,1704.1673613594205,3270.405728665098,6191.714945034939,4477.793724098808,9676.769252409618,16068.426721444352,13378.849842064392,15340.33211419284,17019.535413660513,28482.609483346143,30736.627853081212,29623.164445134298
58,Estonia,EST,,,,,,,,,,,4052.292270590271,5308.347780593283,12595.410648630354,14638.604817345657,19949.581376697068
59,Ethiopia,ETH,,,,,,,204.87216621652462,242.7873277486712,203.164502241593,124.98304543742634,124.5056232315445,111.36343555595842,193.79490564251637,341.3099092005042,571.1622758860005
60,Finland,FIN,1179.35301099994,1707.5039382470122,1907.0772721766712,3180.00587263802,6744.6969819957485,11232.274564421976,10841.567128928633,22056.701753798763,22337.48712369123,20305.583549547457,25989.407503518036,26834.02625018035,41120.67650615813,46202.41516284544,49914.618642158915
61,Fiji,FIJ,285.5425005289563,310.87299693268716,334.6474530259157,583.3499301188307,1182.1766267000903,1893.0466653756416,1681.9740159200255,1535.4140626340509,2057.406690313198,2383.9151460329554,2070.1658466291356,2259.055795751034,3749.9398134864487,3651.966784055465,5061.397574568856
62,France,FRA,1338.299606305678,1919.266717705585,2532.3147484766,3842.468176546556,6826.344825471998,12672.181245025064,9397.49518781027,17615.99145697012,23813.71184171506,23496.523322266625,24974.272199000538,24177.335167464156,36443.62344144114,40638.33400426001,43008.652570031816
63,"Micronesia, Fed. Sts.",FSM,,,,,,,,1355.1254604927137,1756.185104473785,1909.3506322072094,2029.289159075371,2257.773664974809,2397.4518375534612,2861.7713480543543,3057.245589578426
64,Gabon,GAB,283.4004646984015,411.7685848166978,520.3792450502333,702.1565945560678,4533.814379837335,5869.279449134355,4407.284353507941,4253.668366529523,5566.362537302051,3958.596185971912,3827.975792708551,4102.552710433503,7141.549166787367,8754.113375909572,9692.18212474344
65,United Kingdom,GBR,1380.3062412625718,1729.3999780356835,1896.3867486073502,3030.4325141197723,4138.167787615347,10032.062080014974,8179.194440649911,15987.168077568824,20487.170785287846,19709.238098365302,28014.89469949528,29785.98628758402,44252.31582344287,38893.01849373653,46783.46921712835
66,United Kingdom,GBR,1380.3062412625718,1729.3999780356835,1896.3867486073502,3030.4325141197723,4138.167787615347,10032.062080014974,8179.194440649911,15987.168077568824,20487.170785287846,19709.238098365302,28014.89469949528,29785.98628758402,44252.31582344287,38893.01849373653,46783.46921712835
67,Georgia,GEO,,,,,,,,,757.2235485053577,517.0870879408917,805.2726880399633,779.3756798183857,1872.6793321355128,2964.4770407110177,4429.650074849699
68,Ghana,GHA,182.97918268827058,230.43118917309422,202.76196460889247,232.5398766147877,275.87788316145696,411.5179312410257,358.39681721607565,375.1812249424013,414.7673407826189,333.4049391914665,414.76846099532906,309.4844702570431,922.9537496588327,1312.6075573102514,1987.9833628541865
69,Guinea,GUI,,,,,,,,429.2252767431034,485.9748491030355,448.4475642301397,421.99820340455716,322.81117097408884,427.0657265293997,634.9231053792269,743.5912878392953
70,"Gambia, The",GAM,,,96.7325293660246,124.67161812991716,209.14911659167902,398.89654977369804,252.94221960044405,316.31946649641355,729.0418880773747,719.9757072611366,723.7948295796742,440.9474785921052,439.3432874077055,562.4837816877408,656.4967629581772
71,Guinea-Bissau,GBS,,,,118.2791791732378,143.32159545508355,138.16979215025952,157.92355407066802,170.2919830701945,212.94076378348328,211.59530138623288,172.06014134143086,321.4813203929818,418.95126931012106,545.7041208219185,610.4684902121688
72,Equatorial Guinea,GEQ,,46.83051605234382,224.03721122499434,223.62458170688163,411.0052179590707,198.34673758445254,148.84057431117762,249.88358518944023,295.9634763978773,206.93640804270964,654.1473102076959,2711.170114169137,12732.027586962196,17136.445675758332,19245.651511711992
73,Greece,GRE,533.6863812326487,784.9543484329176,1134.3561514753821,1899.675272514703,3390.5454835929568,5893.661809791607,4852.565728473297,7598.028053349936,11176.458436251656,11091.283860637564,13472.137641527637,14110.313391107757,24801.15780650351,26917.75897872537,21760.979799491834
74,Grenada,GRN,,,,,,1246.002550834639,1478.411104752595,2410.286591173989,3191.016733311842,3270.5780877703824,4401.42132083618,5292.232379294082,6766.486859902446,7365.6415378665715,8569.926733804132
75,Guatemala,GUA,247.84198623189658,274.6197897068833,303.20345130435845,353.6609113387092,661.487898407295,1081.7250430049787,1177.4364510698074,886.8008271829734,1075.4282171785292,1276.3327268393007,1742.0838236771947,1701.7714917070432,2256.567239655727,2825.519029432133,3687.7637667659865
76,Guam,GUM,,,,,,,,,,,,21536.503896930175,26555.645201956533,30700.43400817842,34404.56739580163
77,Guyana,GUY,297.67329907936767,305.36161118849554,334.8412728486357,395.29294683405504,602.6248473347734,773.1816707748352,564.5264180356234,551.1960875466712,499.339879602866,713.2335202336311,946.670347422484,965.7492840854952,1945.64003426759,3044.948083139694,4031.5319388481657
78,"Hong Kong SAR, China",HKG,429.44287439205266,629.5915257844939,714.4829695806095,1384.7384373227123,2850.0146101832,5700.412634358222,6208.226159371994,10609.745639454548,17976.429382765476,22502.579740969206,25808.970952452983,24665.889998277908,28224.215060938866,32549.99823112097,40315.285564055164
79,Honduras,HON,164.6443187286407,200.4346405443752,252.5845199429693,278.6150126660544,414.6214825609828,1078.806826328033,1183.0193809093412,1262.245812833412,942.0455265897432,836.0515401940297,1028.1514108211238,1132.8720008777077,1437.6287853746157,1932.8582899968937,2242.7074594042256
80,Croatia,CRO,,,,,,,,,,,5650.332015024169,6051.452886244652,11345.742260413774,13546.214207754361,13606.893441544224
81,Haiti,HAI,70.66113938924913,77.69504901305102,81.1534649513016,76.28328165756189,167.80429323179806,243.2483551995522,291.04234728649726,383.64792169723313,305.55425843373195,282.42206257951403,450.9192822541146,393.0160608614735,505.470620633981,662.2795181624332,830.1138816241449
82,Hungary,HUN,,,,,,,,,3734.561855749394,4172.765231745919,4750.414874553929,6665.961242269965,11447.816870158289,13092.233756769456,14201.448832014796
83,Indonesia,INA,,,65.02815283313949,90.84449531401785,278.105848320802,491.4377788023403,525.2291404503592,481.7127613046367,681.8428679392281,912.0724733702468,463.9685753290234,899.5556857283318,1586.205039599339,3113.480634514338,3491.595886850687
84,India,IND,81.28476374967441,114.31516095901229,98.83123468950646,121.69228858488405,159.4077984504005,263.8407197699969,273.9018266036383,350.67273906074854,313.86011009761216,342.71751868116536,409.1943858660707,466.2008042263157,792.0259697592448,1345.7701532088554,1576.0040181761447
85,Ireland,IRL,685.6147123797604,965.1354226767448,1124.5166360824637,2082.9568979006067,2923.0797559095704,6380.069668319119,5698.844330383975,10728.703948099495,15733.204390342667,15921.975270200335,24263.240059642412,32539.955207540374,54306.913100624086,48671.88829360675,55412.928596726546
86,"Iran, Islamic Rep.",IRI,191.6808774898953,221.31918854645622,318.9875760096644,570.3695316067796,2017.1842749103691,2440.3056458206324,3568.5051263824257,2318.5384545861075,,1202.8683267309193,1725.7562775600018,1892.0361433268943,3738.6892837628243,6531.9274296787025,5540.984135661746
87,Iraq,IRQ,231.02561724371353,288.16348165528876,312.82227742147353,388.1045432648425,1471.211338877918,3911.5430030315338,3077.998472085061,3753.5299108920676,,,,,2351.8124285880995,4502.74904825726,6703.074737229278
88,Iceland,ISL,1414.9822694062102,2297.920643203798,2354.48002671305,3955.3653042164583,7470.932722896794,14602.236530164897,11782.365064882533,24089.728902752217,26722.44119352397,23662.80668359806,30847.643696855765,32024.185600073768,56121.32242095681,41851.7354772988,52855.14047801815
89,Israel,ISR,1229.1747476372032,1375.892255892256,1647.877274348912,2786.3722998729354,4295.747240305689,6228.614911668637,7008.526685007644,11273.923436049812,14752.274630483502,15985.763288907538,19423.753231714043,18427.607024382996,21827.82317242363,30642.94061748627,37539.95181668776
90,Italy,ITA,804.4926233461783,1222.5445404628979,1651.9393767975566,2662.3263507403963,4019.795861131114,8429.023153405735,7714.18520445985,15692.726234146285,23166.80406268323,19273.844170010307,22252.35808623103,22196.506754722228,33410.747439833714,35849.37319794015,35396.66572422649
91,Jamaica,JAM,429.32585311513225,518.889723102049,593.7027624578508,969.1036412202292,1443.2542838362895,1238.7210868192872,1027.9867651757002,1599.4386271421063,1432.2005243129868,2156.3984129787914,3355.797804480686,3596.4993388483854,4311.8510802206565,4685.588319815824,4839.89210430559
92,Jordan,JOR,,,374.5471344569764,419.18390409356664,805.9808146617094,1646.7320994931251,1786.3113207764782,1929.8587239083424,1338.4738028124498,1418.9732047281793,1605.6145812835884,1812.2883744492767,2537.3004898065446,3679.1902746327783,4066.940775430879
93,Japan,JPN,478.99534016286947,835.6572524841158,1450.619652343744,2967.0419962372794,5197.80669676619,9465.3797140302,10984.865828490372,25051.85431543892,31464.54904622799,39268.56686862043,31902.767095513733,32289.350536072558,35433.98896374302,44507.676385917155,38109.412112557286
94,Kazakhstan,KAZ,,,,,,,,,1515.104058958832,1320.3216224968733,1468.7017983339974,1658.0307854463636,5291.575650186518,9070.488252857474,12807.260686615242
95,Kenya,KEN,97.62153057922528,108.55894455315556,128.85773065912122,174.3976140554427,248.24004222937947,446.57445432216304,326.93646255122127,382.02240525016816,328.8393136990959,269.24870125495863,473.43272119514467,395.84935111940445,697.0066385208492,967.3504548859729,1335.1231484276027
96,Kyrgyz Republic,KGZ,,,,,,,,,513.0359436594764,372.3078100168309,345.1381316484508,321.7266063462044,543.1107024030721,880.0377751191087,1279.769782659855
97,Cambodia,CAM,111.34247972680653,123.64319137432591,157.21460348378722,69.25190617607369,,,,,,270.6091636666012,269.05464095911583,339.06769844748203,539.8791528696592,785.6928841378258,1093.7620674766974
98,Kiribati,KIR,,,,358.4833966777939,734.4019418635241,652.447033879644,657.152244033346,621.9008827444306,638.4725667944067,715.1671148447335,801.1629805080897,826.5855040111344,1169.4774003716968,1520.8753385085358,1626.8938719032226
99,St. Kitts and Nevis,SKN,241.55803519816195,268.70728744327687,314.64161027541917,517.6386119998349,681.6979771327142,1584.337284750615,2331.3927463662644,4207.181388273064,5854.196420496316,6965.701228332855,8648.084142038057,10662.913460785625,13355.565670934091,14904.948415675857,17061.302955574716
100,"Korea, Rep.",KOR,158.23663623201824,123.58845546434512,198.365658261865,323.59615247860347,830.6991850954419,1704.4697392984456,2390.6731517380304,4686.137325104121,8001.540991862494,10205.807465992502,8085.323528383277,12782.52553466694,20888.380150532623,22086.95291932011,27811.366383770037
101,Kuwait,KUW,,,4194.569472448165,5208.495365034686,12056.151708853331,20868.742157025605,13103.554448027326,10148.916079061168,,,14126.875095334208,17789.419812619002,42717.55725330702,38497.61695792929,42996.3152212942
102,Lao PDR,LAO,,,,,,,489.94872706337827,148.98440768597294,250.49222921721923,325.6292417731989,248.54139837516374,319.82705844833583,590.3013107770596,1141.1271150741939,2017.587781262052
103,Lebanon,LIB,,,,,,,,1241.684288839388,2070.8238605931897,3226.987820353893,5538.680282869559,5436.5952231029,5434.252481595701,8858.283972177323,8660.036927530655
104,Liberia,LBR,,,,,,,,,,,,302.65800331258697,331.4732519747689,506.0630045907867,716.052908657476
105,Libya,LBA,,,,,,,,,7284.747991069142,5892.46225570148,5244.880310314905,3705.4426381076355,9344.987517945294,12120.562169206209,6631.529047259512
106,St. Lucia,LCA,,,,,,1306.4788515621149,1837.153505467417,2862.2481031876982,4230.510898427051,4386.4964126243185,5114.586499178783,5034.433875548525,6855.10376313063,8008.197164599991,8596.351698284006
107,Liechtenstein,LIE,,,,5640.46431359638,11389.027794894395,20671.998593418153,18607.876620897903,41351.04719763528,55300.468158083735,64156.70105982245,76641.05519624798,79035.53479137641,113983.16776211033,141165.08285670474,179308.0756155675
108,Sri Lanka,SRI,142.7795495864372,120.71432572907874,150.89656865306853,196.42226828833498,256.28821508999386,267.66829235239595,378.86746666016955,413.3570345210419,546.937048306994,647.4405403643658,850.5318591456695,867.6360436681002,1437.701974153212,2808.4343917567694,3820.5406499873916
109,Lesotho,LES,40.60553530254749,56.71294336757097,61.97209163227695,75.17683252878048,125.15996876914882,329.4064935193858,231.00520328642406,303.4256014008659,498.4844777877366,506.9977783912439,506.9946048968721,407.8093907185703,915.7757486299706,1157.3410919208309,1218.466106434067
110,Lithuania,LTU,,,,,,,,,,,3166.8956481411733,4146.987927839307,9240.642547974407,11984.868569882301,16545.122667399617
111,Luxembourg,LUX,2242.0158166161027,2755.6331165327915,3175.36736882691,5680.129895329483,9825.238266404524,17113.842251688988,12554.41718414879,26108.343963606898,40965.74431801412,45481.89220197573,47584.464391610876,52930.64115226408,89739.71169613012,104965.30607826698,119225.38002277291
112,Latvia,LAT,,,,,,,,,,,2977.148772120254,4132.34920689811,9667.97570008021,11326.219474624275,15716.369067201143
113,Morocco,MAR,164.800779039246,201.26936560216,212.810684951698,302.598394367746,523.837337002332,1077.24294157105,667.3331805736,1063.760775125,1295.42263160967,1322.87040005601,1469.03194509681,1413.75717607014,2191.47856747356,2834.20471989688,3154.51348420947
114,Monaco,MON,,,,16733.6216056562,28810.873013950757,51528.5472297299,36381.69739936988,68434.22839345342,91654.1205424566,89404.07510719486,93093.25955998423,89061.05130036086,133195.4293392833,144569.17578644838,185152.52722743884
115,Moldova,MDA,,,,,,,,,,,465.0539663614778,458.6778168363124,950.6482043627473,1631.5358317953226,2244.7553083083485
116,Madagascar,MAD,131.9930360215505,142.65933987421388,165.47845506569712,193.12855483459708,280.67903885719244,463.73146602412424,300.5340905699383,223.01127638155535,245.864316227243,227.83690548223612,252.46520580368662,262.28594811546145,292.1507442875832,412.73093413772517,452.46319257489466
117,Maldives,MDV,,,,,,268.1035209075379,598.5337551135581,803.3469679105649,1206.0347964010664,1432.5165460662217,2006.2569096568075,3047.59190870453,4811.667467872841,7100.40589910181,9056.653439798782
118,Mexico,MEX,341.59275270109754,464.1243009936698,600.4824434661425,814.7351558273815,1421.6005196936828,2957.5621528242013,2431.512599145482,2212.5107108470784,4088.3092138769043,5715.409998603211,5327.811901276619,7398.801020213278,8859.715353919317,9016.45792714789,10582.410526230862
119,Marshall Islands,MHL,,,,,,,1234.7583490604743,1604.2484624287952,1844.201871278707,2136.8462679189324,2093.444390948483,2391.4854864066874,2763.739006874304,3146.763948497854,3461.7811637491013
120,"Macedonia, FYR",MKD,,,,,,,,,1225.3731494318715,1794.7098965602754,1866.8500898378081,1961.203735536064,3325.613241901643,4542.904104491827,5469.217898421791
121,Mali,MLI,,,59.46752755651513,79.1574879222282,142.37688543534233,248.18893368143094,160.25284277798747,265.1403079969112,319.1914119849948,222.57679789164186,281.32212743506096,334.20240159012803,521.6425796264461,708.3707632474191,845.7206409844845
122,Malta,MLT,,,,975.7588008759545,1726.5594484530254,3948.4031261497635,3332.885356822563,5814.364771305232,8220.245517679401,8000.518004522321,10183.675989707735,11843.939020056343,16671.56719926376,21087.794693103646,25811.878004670252
123,Myanmar,MYA,,,,,,,,,,,,143.77600512000365,296.9007283889172,987.7365832021702,1260.4185038070032
124,Montenegro,MNE,,,,,,,,,,,,2106.6350684522995,4425.680912910128,6682.281157745747,7378.341021527039
125,Mongolia,MGL,,,,,,,1121.664163669305,1533.445039209512,587.30139926319,405.9718114907827,477.3497293579524,571.5018830262677,1334.6518961262896,2650.3536483043804,4181.583312842202
126,Mozambique,MOZ,,,,,,297.6188829495933,262.6598689110379,161.0123545473046,162.8269598203628,161.70488090440392,284.3732910187349,262.88405513100315,385.75671414708194,419.22581494268525,623.2867539302878
127,Mauritania,MTN,107.91502676781805,157.61104118232873,194.44305028785334,217.58804010044497,383.46162622155185,462.1917639617731,422.4385469453268,497.85570034567286,683.8337739921935,581.9098342721123,539.4253598344686,460.9542321819849,944.1304850527807,1201.7562907111726,1326.6686542164373
128,Mauritius,MRI,,,,,779.9071318968611,1176.4980536669846,1032.3127308562478,2054.6437467087994,2973.206977424386,3197.3310236795746,3593.2340808954723,3957.512905714794,5695.969327049284,8000.376431821543,10153.93821848674
129,Malawi,MAW,45.03315260900507,49.13338800280022,56.09458702762099,83.55873706974367,122.88797179188533,200.81768549979952,175.17714590773218,159.7701334111156,184.95060869335887,120.62932439917992,163.53350115495851,290.9798976877547,297.70959689919215,458.8654301229722,354.31898980575266
130,Malaysia,MAS,234.91689290327224,289.00498041014043,323.40820237380245,445.35118028824303,886.2154727722636,1774.7363096109525,2234.3564771839265,2071.4548796045815,3111.9768791646325,3726.3406669543115,3263.520983003513,4167.364386535138,6222.982954819753,9071.35698672103,11183.72943208204
131,Namibia,NAM,,,,,,2391.7873453443744,1753.138138820493,1912.4387240318092,2262.4602119908955,2263.4002996872914,2113.4427784292147,1669.431440383418,3811.3119810695803,5191.583081414445,5392.712420892851
132,Niger,NIG,132.65216243018438,153.26624617296272,150.38756085764243,155.78179308172236,199.5377575738599,418.861979826947,217.4357759704179,302.42437995497875,274.28603544220204,170.80940848781333,196.7250241228425,177.8208383768215,258.04638728388363,348.15605909961965,429.7909577788568
133,Nigeria,NGR,92.96180014562594,113.17033804468234,97.20214780636957,209.23749356634502,556.6607759699087,873.9607320315187,901.6735976086366,548.9034405520121,476.8926405146586,321.13133256712274,469.1643965683416,741.3403149945806,1655.544524453797,2291.3600131058492,3221.6781159083052
134,Nicaragua,NCA,126.136695105292,170.8059105663264,308.35941638517653,345.4592015101843,640.6976642081601,673.6639991649971,858.0547122331026,662.9544557735752,413.91949764469,854.5499049483477,951.8733522537356,1010.1472770146066,1240.9926167445733,1526.4979380617754,1975.4647074897807
135,Netherlands,NED,1068.7845872373507,1541.9473651902895,2185.248658886575,4052.0660296161573,7824.5327108659485,13615.837073697478,9849.8219674462,17518.028756647844,23598.950764869074,24331.75401824036,27533.606792815557,28817.323207988775,44453.97119462121,50338.25482737254,52157.40687018865
136,Norway,NOR,1441.755660026327,1937.8846138592774,2662.1174915311713,4413.575691685282,8927.201627344768,15772.24090738139,14989.485766590566,24207.281468963014,30523.985055897447,29315.841907019938,34788.77856426981,43061.150381241554,74114.69715008303,87770.26684434009,97199.9190963458
137,Nepal,NEP,50.51514044505041,46.24251170151349,66.9508382507482,81.93164703269818,106.65745956890785,130.5794724788162,157.89864662168054,195.09201711973162,172.00621010962195,194.8890676486935,212.46894650691078,246.30756205641165,348.63145341749754,592.1835216420142,706.238697681072
138,Nauru,NRU,,,,,,,,,,,,,,4912.59955837279,9872.63831364996
139,New Zealand,NZL,2312.9499923985854,2813.5469756393927,1885.1561517562504,3381.702674908401,4376.346779062645,7436.785970657656,6787.509464537967,13855.477762191642,11789.22500634618,15235.956026430558,14738.583537231078,16874.187491819564,26671.32941771795,33692.010834654335,44560.6403694048
140,Oman,OMA,,,277.90718736064946,472.5216013300389,2760.526605784669,5181.799285969879,6164.145277687794,4997.3993840470075,6278.636661800046,6013.166676610532,6254.953410808143,8629.101774140885,14408.050496276535,19281.00080810378,20469.138652437265
141,Pakistan,PAK,82.54724580339722,103.53603623072574,146.97921958647433,151.76677023950577,193.83608236612062,303.4489556672023,349.12239814292127,379.1357900448594,427.57276350536034,433.28858363549324,470.2489294657242,499.86000329235327,873.7702727184702,1040.1422678763593,1316.980965834342
142,Panama,PAN,474.12582165923305,608.1266904650719,775.6495803526556,1040.7863622737175,1444.696567534845,2332.0214820947167,2848.9501748287994,2492.0790942228764,3122.0036894152136,3489.065313356057,3974.650657480888,4126.140670918452,5348.5183989528,8080.838225065615,12787.30619559609
143,Peru,PER,255.61836980583172,386.216476995646,454.187537217916,653.0061525074138,1019.6809672676769,1044.6398884067466,921.4682400562253,738.3780955011396,1589.4417152294416,1900.224534779495,2202.4612260956355,2059.1929578575828,3171.4980560157114,5022.493190963687,6492.053208218967
144,Philippines,PHI,254.42707130483853,175.93119793865404,224.62329849562317,211.40103171490335,402.66328057005467,684.6543821762018,594.0255763013198,643.8152508549059,814.0752867978027,939.1559311595081,966.7084854720304,1000.0681684256604,1391.7722916609641,2129.499246556223,2842.9383529522092
145,Palau,PLW,,,,,,,,,,,,8273.766220496576,9396.24725164901,8933.219345383488,11646.681520811606
146,Papua New Guinea,PNG,114.63603203359683,139.64527186370358,201.84799197886272,322.8759941546138,511.22194116343263,770.4656711977481,690.984822062315,891.5438456080526,965.2653962623871,1153.4773715649,716.1813521708432,511.6597331494316,1283.7703642558376,2004.818111750886,2973.2705493577932
147,Poland,POL,,,,,,,,,2459.0206846825326,2874.8253108451954,4510.413117059987,5196.932921038941,9038.730846523564,12597.86238996409,14345.186056937398
148,Puerto Rico,PUR,717.5148430873622,1006.4344460949717,1480.693176422505,2246.476713511303,2946.46195251152,4502.838427947599,5730.117008902006,7595.444656118285,9659.338899959164,10876.41882398978,14304.404986801463,18731.459389737847,22935.941149338458,26435.748785780026,28981.457330586607
149,"Korea, Dem. Peopleâ€™s Rep.",PRK,,,,,,,,,,,,,,,
150,Portugal,POR,360.4992985068581,468.78108163544283,719.08049185329,1302.3943335665945,2173.4981304415737,3368.6983695762956,2522.995844237012,5624.250579988687,10811.630636570999,9978.301936978545,12202.691406770378,12882.288973030783,19821.444626863202,22538.65407734817,22077.536132521913
151,Paraguay,PAR,,,220.1925107228223,296.1559411784097,593.7138656778603,1398.4925318529038,1261.9887276526501,1065.430863976891,1614.6741044493635,1692.2384973462915,1819.5947137086596,1306.3657348187337,2282.8311657009617,4382.690448708537,6146.664055108825
152,West Bank and Gaza,PLE,,,,,,,,,,1201.5815421388177,1465.0460568586832,1156.217473457691,1441.4617004674233,2338.719876823029,2960.7780040524535
153,Qatar,QAT,,,,3909.019418086278,18893.102304410677,34986.457884351796,19634.78591373922,13605.832960713828,15430.659257939653,14542.542855344205,18631.78792484517,29990.654918054675,60256.55925891677,70306.22784493012,86852.71018919798
154,Romania,ROU,,,,,,,,1769.8899311440948,1102.1037847324649,1323.1043250493226,1864.9913869855407,2124.87361335835,5828.74566230123,8209.919456216903,10026.97357817941
155,Russian Federation,RUS,,,,,,,,,3095.6597791412,2663.3945990755,1834.84693733287,2375.05904394498,6920.19439783608,10674.987707365,14125.9087274272
156,Rwanda,RWA,40.56688079611976,41.11680652707194,48.81972736368113,61.86656583996811,141.73861239106185,244.08377158587496,269.8807082640608,340.74436476135907,302.7561645323164,125.49949175734031,281.78416272760137,196.5220296837095,342.39909817148305,563.4013453264492,706.5967097958425
157,Saudi Arabia,KSA,,,777.31574821932,1511.4666427927023,8186.31971199746,16892.36340175146,9581.511758563522,5823.475825222442,7888.209562875498,7382.13216628019,7382.160600062628,8655.31153127218,15334.669939608455,19259.58725684647,24575.403037832733
158,Sudan,SUD,124.512169921714,137.719538234422,148.375296849011,194.737835034215,415.363918147003,388.276319285883,441.418959916582,625.79022143634,257.651550989923,444.557329130201,350.439679581248,412.151756127561,893.879364531904,1476.47808657841,2176.89802874983
159,Senegal,SEN,312.99374368180634,332.0745699574879,326.24196007331835,358.1914791966299,566.6263637916447,793.0146833310428,544.5936223966622,887.8835411780244,946.7329546698245,576.6348227158919,676.1519925637925,649.4758642014588,1025.1874356941194,1255.40273833704,1359.1893508234928
160,Singapore,SIN,427.8804071702415,485.3032597791046,708.2651094608359,1263.6593341103767,2758.6645487685373,4926.958022574631,7223.398287397395,8902.41233662261,16144.008192196989,21578.460532531248,21824.0355777162,22016.832791636847,33579.85947570159,46569.67950607158,56957.07857377417
161,Solomon Islands,SOL,,,187.3270106140889,235.26757002189456,414.1701949094682,731.6141881952059,962.307280629833,1053.2955672878177,1147.9757638143662,1330.8229322427865,1206.1575608858923,784.9562873658764,948.6592511289005,1290.5723744337463,2036.942055920497
162,Sierra Leone,SLE,140.18025761371473,152.69690537135926,127.03695491280675,166.02780703621903,194.22272874107512,327.0554571964988,293.95365926747894,254.05442096029648,156.99512242356775,212.8843729833904,154.4397333515742,252.831532766196,322.3134680117842,399.15436760830704,708.4394757082916
163,El Salvador,ESA,,,290.34934161303516,327.2249038110727,549.1647590912039,780.2206604050381,753.6604472297394,818.4902037200371,1076.4894411101839,1384.9342058397333,1892.581124563181,2131.909820088302,2641.7806520555346,2992.5452736305497,3595.7907332513
164,San Marino,SMR,,,,,,,,,,,,44576.26256591288,70662.03899787096,68758.36861723302,54766.51306758863
165,Somalia,SOM,,,,,,,,,,,,,,,485.6020610686868
166,Serbia,SRB,,,,,,,,,,,2416.0690774311793,2149.909404185111,4129.758741028294,5411.877403919114,6200.173221024738
167,South Sudan,SSD,,,,,,,,,,,,,,,1309.4873811536904
168,Sao Tome and Principe,STP,,,,,,,,,,,,551.2038522270718,836.7952841581173,1129.7549614654663,1824.3792172939845
169,Suriname,SUR,343.66098094259326,416.1029359405815,670.9142614105461,840.1019056134265,1398.8665168638822,2191.428894334536,2349.9972800957407,2966.3431197958053,957.0373944739724,1385.4491434671042,2406.7293526302105,2263.9230962088473,5208.123339198308,8303.313320097644,9554.56228848744
170,Slovak Republic,SVK,,,,,,,,,2908.810832278428,3755.7277365689406,5533.588844876393,6524.861878155982,13139.032176868766,16600.613588038526,18629.77966300863
171,Slovenia,SLO,,,,,,,,,,,11165.276331839592,11814.09994239482,19726.12649591487,23437.472021138663,24202.430836044423
172,Sweden,SWE,1983.1065440309692,2758.943466240341,3683.3136938765324,5942.148770526116,10715.038086378816,16856.76108643061,12914.330681957246,24188.76594488539,32338.503949667756,25747.241687552454,30143.62745827797,29571.704464328297,46256.47160104955,52076.255913486435,59180.19897767272
173,Eswatini,SWZ,100.45466866613911,169.8942408780626,189.0330317712592,310.74106148171404,511.12517382526073,898.2858230257339,727.1958125840561,864.5281118726479,1418.0110616396282,1507.0425123183027,1536.9302729886413,1324.9961840885378,2937.36074331066,3690.2392284795496,3379.8964990926147
174,Seychelles,SEY,288.05815941936515,332.30500311197517,314.3510648414735,546.9510612887944,814.4747379866744,2329.3533579899504,2338.075652185549,4128.118231836601,6128.445569221136,6555.5044074811985,7715.918147093415,8331.261997004198,12014.399872950233,10804.684474754695,14700.363131935088
175,Syrian Arab Republic,SYR,187.53737427309625,257.57841232264917,295.44941586568564,449.94392940758974,979.3277656725166,1462.6303414389072,1700.4760185522464,902.5495583053446,1005.0413642556907,725.6085920719281,974.2751916851226,1263.0134550556684,1762.2461066053668,,
176,Chad,CHA,104.4721011936182,120.82147343127953,129.73261811172566,153.4499974767948,207.57363832967152,228.94343665804925,185.5258783069275,265.49199446652136,296.39648724525944,174.2195486594733,224.86614793270195,220.80548207282266,712.1847693773157,896.569734113861,1025.9985147150826
177,Togo,TOG,76.63845416900858,99.93788938875892,124.34957223226814,149.3505629132717,251.32336933744384,417.6685258469619,228.69259855573708,384.94561794971105,426.08099212076354,236.00115584046335,339.24730675064,323.4671509973493,402.4630580517864,526.8410724476464,632.0313103591004
178,Thailand,THA,100.76759636299151,125.93789485206442,174.78713003871022,209.3565564749361,391.4830108516957,682.773455546258,817.8274614852969,1123.0118143356055,1926.987524999915,2490.3115474860124,1845.4662379713225,2096.0546174214487,3368.9525761438094,5075.302176395294,5953.793927833616
179,Tajikistan,TJK,,,,,,,,,346.9480224533737,267.96891804112505,219.22634596288523,189.3945514973001,404.2894059433861,738.3475226600058,1104.4590189038138
180,Turkmenistan,TKM,,,,,,,,861.7841337614284,820.6842726899765,606.6690572016449,590.3934845663364,967.890794595266,2136.476098732995,4439.203000217573,7962.365824396654
181,Timor-Leste,TLS,,,,,,,,,,,,552.810326631126,2534.6621896757742,3603.9405510679167,3335.5485672164073
182,Tonga,TGA,,,,,336.5274045084184,572.6459022558419,684.6439178775554,1126.657307903934,1435.3092333717696,2022.0168735084312,1942.5232647247121,1842.404421029819,2892.5226629236035,3548.0683985325018,4196.470592861184
183,Trinidad and Tobago,TRI,631.3298593706331,788.1247322855944,814.7353961703461,1118.339209432381,2437.8599726144316,5745.680795989096,6712.050613123129,3732.1588501791966,4395.644512771828,3956.758088753833,4786.925369782622,7049.626611949689,14096.186679590779,16683.422423916832,20081.521908970808
184,Tunisia,TUN,,,250.85187410237327,423.15994783167304,779.6762639978324,1373.1006668263444,1158.1032817271737,1282.645674982789,1801.3345339443938,1745.3576586772888,2295.237987958162,2346.059369513772,3371.712309958804,4140.1517698059015,4274.292832302368
185,Turkey,TUR,509.4241117548143,369.58378634900623,526.2139967390368,558.4215639847084,1275.9581611801377,1564.248979930254,1246.8258415663743,1745.3669388251747,2842.3735982974117,2270.3403622467076,4496.509486488295,3660.0711298038605,8034.611205789155,10672.400364513956,12127.461457629915
186,Tuvalu,TUV,,,,,,,,,1069.595945900795,1184.6382545475838,1370.904026268086,1603.631991801595,2259.333278660662,3021.8895281014734,3418.6457187264514
187,Tanzania,TAN,,,,,,,,219.371819521389,173.891382841366,159.635742401605,296.340954097738,308.056552814055,471.527376124859,701.604550062032,950.818302792702
188,Uganda,UGA,62.315122319985015,76.04460972642126,116.96432809609689,149.33318903120045,219.6891102407011,99.17574668075481,255.08166986521098,400.2409496519802,153.19116840564888,200.4472478604017,291.9864072215086,240.24232285796097,336.45939234771305,595.2061732184734,702.7951040253658
189,Ukraine,UKR,,,,,,,,1449.96616557995,1378.63972872983,1011.98642980094,835.260327408976,879.475048622777,2303.01883093184,2965.14236549771,3104.65829575449
190,Uruguay,URU,489.3501466743301,741.2430512856083,574.3441916944128,775.9933854245945,1290.6045660418488,3485.5260296683628,1620.720614097707,2676.197626245157,4082.0259190941797,5458.08645232937,7711.076570399303,4088.7688551551055,5877.8760784696615,11938.212001755002,16737.89827249651
191,United States,USA,3007.1234453786165,3573.941184747432,4695.923390431776,6109.925868048938,8611.401839154265,12597.667510177138,17134.286017173752,21483.233060257917,25492.951651761698,27776.63552822602,32949.1977640346,38166.03784078122,46437.06711730648,48375.406946297175,54696.72616523267
192,Uzbekistan,UZB,,,,,,,,,603.3520152964379,576.447110453392,623.2161328359849,383.3430679907423,654.283837283285,1377.0821404693777,2050.448413845576
193,St. Vincent and the Grenadines,VIN,161.4171611593124,173.48517495500238,173.22514755171363,298.3408389499416,339.32265780528525,819.2661024787784,1301.5460255034388,1884.1209787545297,2573.5776886856024,2676.7886642943286,3461.9433651327054,4270.924901932984,5609.648939343082,6231.770232474618,6654.484002959319
194,"Venezuela, RB",VEN,954.8590895460427,854.6963696003633,922.1144141717072,1137.6548789057001,2286.862955759605,3852.7655930798223,3518.05851195133,3184.4722271950054,2904.061754939296,2688.8391878519997,3874.981721390868,3655.9756199118774,6735.797588380593,13545.263453112826,15692.412877729044
195,British Virgin Islands,IVB,,,,,,,,,,,,,,,
196,Virgin Islands (U.S.),ISV,744.6153846153846,1318.627450980392,3120.287253141831,4023.899684220181,4575.421666701329,7304.588702878477,9795.228628230616,11932.4041524685,16752.118964734374,,,30126.255644641045,41560.93419826337,40043.190165931446,33573.097030143486
197,Vietnam,VIE,,,,,,,,389.25691753091263,138.71682962598345,220.30998265680313,346.82724399642274,427.83802641872893,779.9748933242583,1310.3702729412857,2012.0462904121975
198,Vanuatu,VAN,,,,,,980.8978599259395,1066.579831796388,1065.8652857829077,1263.4552605580661,1335.2597988565853,1472.957090540256,1353.934819232503,2047.0978227775715,2965.802434348395,3148.365103229796
199,Samoa,SAM,,,,,,,685.5780863527086,824.0319748735628,799.0761693696346,1309.9160278507698,1557.8677612018955,1631.4170268377065,2807.9542739373314,3453.4342976350054,4187.230598508837
200,"Yemen, Rep.",YEM,,,,,,,,,485.0556996280375,283.6347307191961,374.35269068447235,565.2797138645709,900.8269160942608,1309.2319597358453,1647.0336567488673
201,South Africa,RSA,433.9411935901455,534.3741762480772,688.8306217690721,884.4631415917955,1360.4449572284027,2788.399352578251,2667.604965769308,3289.678729154066,3418.3044283042022,3390.49433055186,3104.976409848156,2461.355086510656,5502.69998895381,7276.376756346873,6429.023949670821
202,Zambia,ZAM,234.16619428371746,243.10532045675006,410.4862606147727,427.4629014136318,534.4810763343055,650.2547871283682,406.52025177379613,488.6288521781537,376.45743751942496,411.03899966250196,355.5380307039627,377.1305244411718,1030.1541993465448,1463.213573107151,1738.0882016193884
203,Zimbabwe,ZIM,280.9945858013983,285.05317383719336,304.9821588722997,483.7049036881981,684.5540002853384,932.2596107407807,761.4453869754902,813.675382136047,631.9906040213172,619.8351382051981,538.2848555048603,507.3480033838579,414.7962320486165,854.8476652910764,1264.9838255737939
